{

   "ChartDataSet": [
      67,
      28,
      10,
      7,
      15,
      61
    ],
    "Employees":[
       {
          "name":"manoj",
          "email":"manoj@gmail.com",
          "location":"Solapur",
          "creationDate":"2020-01-01T07:39:34.161824"
       },
       {
          "name":"pankaj",
          "email":"p1@gmail.com",
          "location":"Solapur",
          "creationDate":"2020-01-01T07:39:34.161824"
       },
       {
          "name":"Neeraj1993",
          "email":"neeraj.singh@adequateinfosoft.com",
          "location":"Mumbai",
          "creationDate":"2019-12-27T10:22:30.8416992"
       },
       {
          "name":"Sophia",
          "email":"sophia@gmail.com",
          "location":"18302 Lorance Trail, Little Rock, AR 72206, USA",
          "creationDate":"2019-12-26T07:36:22.3481222"
       },
       {
          "name":"Raju Prasad",
          "email":"raju.nsit@gmail.com",
          "location":"Karbala Rd, Block G, Sector 5, Dakshinpuri, New Delhi, Delhi 110044, India",
          "creationDate":"2019-12-26T14:27:00.4327446"
       },
       {
          "name":"Ankiish Thapliyal",
          "email":"thapliyalankiish958@gmail.com",
          "location":"Dehradun",
          "creationDate":"2019-12-30T11:11:00.4082038"
       },
       {
          "name":"Aryan Thapliyal",
          "email":"ashithewarrior@gmail.com",
          "location":"Dehradun",
          "creationDate":"2019-12-30T05:32:04.0700419"
       },
       {
          "name":"shivam",
          "email":"shivam@gmail.com",
          "location":"Banglore",
          "creationDate":"2019-12-26T07:02:16.9663295"
       },
       {
          "name":"Navya Upadhyay",
          "email":"navya.adequate@gmail.com",
          "location":"Pune",
          "creationDate":"2019-12-26T06:53:22.1076017"
       },
       {
          "name":"Ritu singh",
          "email":"ritusinghadequate@gmail.com",
          "location":"12 Hickory St, Waterloo Ontario",
          "creationDate":"2019-12-26T06:53:10.2343197"
       },
       {
          "name":"faiz",
          "email":"faizadequate@gmail.com",
          "location":"New Delhi",
          "creationDate":"2019-12-30T06:57:19.58494"
       },
       {
          "name":"Martin Wilson",
          "email":"ravencomputer667@gmail.com",
          "location":"Moorgate Station (Stop N), London EC2Y 5EJ, UK",
          "creationDate":"2019-12-26T06:29:14.6591852"
       },
       {
          "name":"Shweta Singh",
          "email":"amelia.claire.hi@gmail.com",
          "location":"India - Pakistan Border Rd, Bakhasar, Rajasthan 344706, India",
          "creationDate":"2019-12-30T06:24:31.9803752"
       },
       {
          "name":"jagjit",
          "email":"jagjit.singh.adequate.36@gmail.com",
          "location":"Delhi - Meerut Expy, Nai Basti Dundahera, Ghaziabad, Uttar Pradesh 201009, India",
          "creationDate":"2020-01-02T06:29:36.6383214"
       },
       {
          "name":"Ashi 123",
          "email":"jagjit.singh.adequate.36@gmail.com",
          "location":"12 Hickory St, Waterloo Ontario",
          "creationDate":"2019-12-26T05:30:27.4225102"
       },
       {
          "name":"shivamvermaa4",
          "email":"shivam.vemaa4@gmail.com",
          "location":"12 Hickory St, Waterloo Ontario",
          "creationDate":"2019-12-24T11:58:30.3613651"
       },
       {
          "name":"Sophia",
          "email":"n2@gmail.com",
          "location":"Saint-Louis-Strasse 3, 4056 Basel, Switzerland",
          "creationDate":"2019-12-26T09:48:57.2586835"
       },
       {
          "name":"n1",
          "email":"n1@gmail.com",
          "location":"451 DERA Uttarakhand 249201, India",
          "creationDate":"2020-01-02T07:20:34.2742376"
       },
       {
          "name":"neha",
          "email":"neha@gmail.com",
          "location":"12 Hickory St, Waterloo Ontario",
          "creationDate":"2019-12-24T10:35:00.1292083"
       },
       {
          "name":"sanjay",
          "email":"sanjay@gmail.com",
          "location":"35, Block A, Industrial Area, Sector 62, Noida, Uttar Pradesh 201309, India",
          "creationDate":"2019-12-24T08:16:23.8466414"
       },
       {
          "name":"Akku2",
          "email":"akku2@gmail.com",
          "location":"H15, H Block, Sector 63, Noida, Uttar Pradesh 201301, India",
          "creationDate":"2019-12-24T07:30:32.9445148"
       },
       {
          "name":"Ashish Thapliyal",
          "email":"ashi1@gmail.com",
          "location":"NH34, Shatabdi Nagar, Rithani, Meerut, Uttar Pradesh 250103, India",
          "creationDate":"2020-01-02T06:30:51.6595305"
       },
       {
          "name":"singh",
          "email":"singh@gmail.com",
          "location":"Jg Halli Rd, Karnataka 577533, India",
          "creationDate":"2019-12-24T09:39:40.1944746"
       },
       {
          "name":"Akku Testing",
          "email":"akku1@gmail.com",
          "location":"Noida-Greater  Greater Noida, Uttar Pradesh, India",
          "creationDate":"2019-12-24T13:00:12.9520741"
       },
       {
          "name":"Aakankshi Gupta",
          "email":"aakankshi.cuminte@gmail.com",
          "location":"12 Hickory St, Waterloo Ontario",
          "creationDate":"2019-12-16T06:56:43.3207681"
       },
       {
          "name":"Manresh Chandra 5",
          "email":"manresh5@gmail.com",
          "location":"Deák Ferenc tér",
          "creationDate":"2019-12-16T05:13:28.5717641"
       },
       {
          "name":"Manresh Chandra 4",
          "email":"manresh4@gmail.com",
          "location":"12 Hickory St, Waterloo Ontario",
          "creationDate":"2019-12-16T05:11:34.473505"
       },
       {
          "name":"Manresh Chandra 3",
          "email":"manresh3@gmail.com",
          "location":"12 Hickory St, Waterloo Ontario",
          "creationDate":"2019-12-16T05:03:39.4564423"
       },
       {
          "name":"Manresh Chandra 2",
          "email":"manresh2@gmail.com",
          "location":"12 Hickory St, Waterloo Ontario",
          "creationDate":"2019-12-16T05:01:14.0246654"
       },
       {
          "name":"Raju Prasad",
          "email":"raju.prasad@adequateinfosoft.com",
          "location":"12 Hickory St, Waterloo Ontario",
          "creationDate":"2019-12-13T14:36:34.2151655"
       },
       {
          "name":"Ashok Patel",
          "email":"ashoktest@gmail.com",
          "location":"12 Hickory St, Waterloo Ontario",
          "creationDate":"2019-12-13T13:47:59.4288322"
       },
       {
          "name":"manresh1",
          "email":"manresh1@gmail.com",
          "location":"12 Hickory St, Waterloo Ontario",
          "creationDate":"2019-12-13T13:17:31.2904216"
       },
       {
          "name":"Manresh Chandra",
          "email":"manresh@gmail.com",
          "location":"12 Hickory St, Waterloo Ontario",
          "creationDate":"2019-12-13T07:08:47.9644619"
       },
       {
          "name":"Test",
          "email":"aakankshi7@gmail.com",
          "location":"Noida",
          "creationDate":"2019-12-05T06:41:24.107938"
       },
       {
          "name":"aakankshi6",
          "email":"aakankshi6@gmail.com",
          "location":"Noida",
          "creationDate":"2019-12-05T12:25:13.6221215"
       },
       {
          "name":"aakankshi5",
          "email":"aakankshi5@gmail.com",
          "location":"22 Street View, Waterloo Ontario",
          "creationDate":"2019-12-05T05:22:00.9403881"
       },
       {
          "name":"aakankshi4",
          "email":"aakankshi4@gmail.com",
          "location":"12 King Waterloo Ontario",
          "creationDate":"2019-12-05T05:21:57.4139934"
       },
       {
          "name":"Akshay",
          "email":"Akshay@gmail.com",
          "location":"Sahara, India",
          "creationDate":"2019-12-05T05:21:54.2379269"
       },
       {
          "name":"Aakankshi 2",
          "email":"aakankshi2@gmail.com",
          "location":"Dada Dev Mandir Road",
          "creationDate":"2019-12-05T05:00:19.5034063"
       },
       {
          "name":"Aakankshi 1",
          "email":"aakankshi1@gmail.com",
          "location":"Delhi",
          "creationDate":"2019-12-06T05:41:05.3597939"
       },
       {
          "name":"Aakankshi Gupta",
          "email":"aakankshi@gmail.com",
          "location":"44 Sunview, Waterloo Ontario",
          "creationDate":"2019-12-05T04:35:42.6189131"
       },
       {
          "name":"Aankashi",
          "email":"alokpatel@gmail.com",
          "location":"New Delhi",
          "creationDate":"2019-12-05T05:21:49.0948144"
       },
       {
          "name":"Test 10",
          "email":"test02@gmail.com",
          "location":"12 Hickory St, Waterloo Ontario",
          "creationDate":"2019-11-27T10:41:07.8215122"
       },
       {
          "name":"Test 9",
          "email":"test10@gmail.com",
          "location":"12 Hickory St, Waterloo Ontario",
          "creationDate":"2019-11-27T10:20:10.5816545"
       },
       {
          "name":"Test 8",
          "email":"test3@test.com",
          "location":"12 Hickory St, Waterloo Ontario",
          "creationDate":"2019-11-27T10:09:42.6969869"
       },
       {
          "name":"Neeraj Singh",
          "email":"neirajsingh100@gmail.com",
          "location":"12 Hickory St, Waterloo Ontario",
          "creationDate":"2019-12-05T05:20:40.9827126"
       },
       {
          "name":"Hr. Niels Henriksen",
          "email":"neirajsingh100@gmail.com",
          "location":"Jaypee Greens Pari Chowk, Tugalpur Village, Greater Noida, Uttar Pradesh 201310, India",
          "creationDate":"2019-12-05T05:20:37.5393081"
       },
       {
          "name":"Test 6",
          "email":"pankajadequate@gmail.com",
          "location":"12 Hickory St, Waterloo Ontario",
          "creationDate":"2019-12-05T05:20:34.2935856"
       },
       {
          "name":"Test 5",
          "email":"pankajws@gmail.com",
          "location":"12 Hickory St, Waterloo Ontario",
          "creationDate":"2019-12-05T05:20:30.604524"
       },
       {
          "name":"rajat Saxena",
          "email":"rajat.nirmal@gmail.com",
          "location":"3465",
          "creationDate":"2019-12-05T05:21:02.1337931"
       },
       {
          "name":"Pankaj Patel",
          "email":"neirajsingh100@gmail.com",
          "location":"3465",
          "creationDate":"2019-12-05T13:25:01.977078"
       },
       {
          "name":"Test 2",
          "email":"pankajabc@gmail.com",
          "location":"Jaipur Engineering College Rd, Kukas, Rajasthan 302028, India",
          "creationDate":"2019-12-23T13:43:27.5816869"
       },
       {
          "name":"Test 2",
          "email":"pankajabcd@gmail.com",
          "location":"35, Block A, Industrial Area, Sector 62, Noida, Uttar Pradesh 201309, India",
          "creationDate":"2019-12-05T05:19:23.3650433"
       },
       {
          "name":"Test 3",
          "email":"test@test.com",
          "location":"12 Hickory St, Waterloo Ontario",
          "creationDate":"2019-12-05T05:19:29.704463"
       },
       {
          "name":"Test 4",
          "email":"test1@test.com",
          "location":"12 Hickory St, Waterloo Ontario",
          "creationDate":"2019-12-05T05:22:11.8963884"
       }
    ]
  

 }